appid,name,price,currency,genres,release_date,steam_review_score,release_year
10,Counter-Strike,20.69,BRL,Action,2000-11-01,88,2000
30,Day of Defeat,16.99,BRL,Action,2003-05-01,79,2003
70,Half-Life,20.69,BRL,Action,1998-11-19,96,1998
80,Counter-Strike: Condition Zero,20.69,BRL,Action,2004-03-01,65,2004
100,Counter-Strike: Condition Zero,20.69,BRL,Action,2004-03-01,65,2004
130,Half-Life: Blue Shift,16.99,BRL,Action,2001-06-01,71,2001
219,Half-Life 2: Demo,0.0,,Action,2004-12-01,96,2004
240,Counter-Strike: Source,10.0,SGD,Action,2004-11-01,88,2004
300,Day of Defeat: Source,32.99,BRL,Action,2010-07-12,80,2010
380,Half-Life 2: Episode One,0.0,,Action,2006-06-01,87,2006
400,Portal,32.99,BRL,Action,2007-10-10,90,2007
410,Portal: First Slice,0.0,,Action,2008-05-08,90,2008
420,Half-Life 2: Episode Two,0.0,,Action,2007-10-10,90,2007
440,Team Fortress 2,0.0,,"Action, Free To Play",2007-10-10,92,2007
570,Dota 2,0.0,,"Action, Strategy, Free To Play",2013-07-09,90,2013
620,Portal 2,32.99,BRL,"Action, Adventure",2011-04-18,95,2011
630,Alien Swarm,0.0,,"Action, Free To Play",2010-07-19,77,2010
659,Portal 2,32.99,BRL,"Action, Adventure",2011-04-18,95,2011
1002,Rag Doll Kung Fu,2.29,BRL,Indie,2005-10-12,69,2005
1003,Rag Doll Kung Fu Demo,0.0,,Indie,2005-10-12,69,2005
1200,Red Orchestra: Ostfront 41-45,10.89,BRL,Action,2006-03-14,81,2006
3900,Sid Meier's Civilization® IV,4.99,EUR,Strategy,2006-10-25,94,2006
3910,Sid Meier's Civilization® III Complete,4.99,EUR,Strategy,2006-10-25,90,2006
7000,Tomb Raider: Legend,0.97,EUR,"Action, Adventure",2007-03-29,82,2007
7890,Men of War™ Demo,0.0,,Strategy,2009-05-08,80,2009
8930,Sid Meier's Civilization® V,7.49,EUR,Strategy,2010-09-23,90,2010
8980,Borderlands Game of the Year,29.99,EUR,"Action, RPG",2023-08-31,81,2023
10150,Prototype™,109.9,BRL,"Action, Adventure",2009-06-12,79,2009
10170,Wolfenstein™,0.0,,Action,2009-08-19,74,2009
10180,Call of Duty®: Modern Warfare® 2 (2009),109.9,BRL,Action,2009-11-11,86,2009
10190,Call of Duty®: Modern Warfare® 2 (2009),109.9,BRL,Action,2009-11-11,86,2009
10220,Postal III,20.49,BRL,Action,2012-02-17,24,2012
10460,The Club™,27.99,BRL,Action,2008-02-20,67,2008
10500,Total War: EMPIRE – Definitive Edition,84.99,BRL,Strategy,2009-03-04,90,2009
10620,Empire: Total War™ Demo,0.0,,Strategy,2009-02-20,90,2009
10680,Aliens vs. Predator™,27.99,BRL,Action,2010-02-16,68,2010
10690,Virtua Tennis 2009,0.0,,"Simulation, Sports",2009-07-03,68,2009
11000,Loki Demo - Norse Warrior,0.0,,RPG,2007-10-05,61,2007
11040,Sherlock Holmes - Nemesis,37.0,BRL,"Adventure, RPG",2008-08-07,71,2008
11050,Dracula: Origin,37.0,BRL,"Adventure, Casual",2008-08-07,70,2008
11080,Sherlock Holmes - Nemesis Demo,0.0,,Adventure,2008-08-07,71,2008
11090,Dracula Origin Demo,0.0,,Adventure,2008-08-07,70,2008
11130,Sherlock Holmes: The Mystery of the Mummy,0.0,,Adventure,2009-08-06,61,2009
11140,Sherlock Holmes: The Awakened (2008),37.0,BRL,Adventure,2009-08-06,72,2009
11150,Sherlock Holmes: The Silver Earring,37.0,BRL,Adventure,2009-08-06,68,2009
11190,Sherlock Holmes versus Jack the Ripper,37.0,BRL,"Adventure, RPG",2009-12-23,73,2009
11200,Shadowgrounds Survivor,19.99,BRL,Action,2007-11-14,79,2007
11220,Shadowgrounds Survivor Demo,0.0,,Action,2008-02-15,79,2008
11250,Pacific Storm,26.49,BRL,"Simulation, Strategy",2008-06-24,67,2008
11260,Pacific Storm Allies,26.49,BRL,"Simulation, Strategy",2008-08-18,60,2008
11340,Larva Mortus,16.99,BRL,"Action, Indie",2009-03-19,64,2009
11370,Nikopol: Secrets of the Immortals,16.99,BRL,"Adventure, Indie",2009-07-30,68,2009
11450,Overlord™,8.49,BRL,RPG,2007-10-26,81,2007
11470,Overlord™ Demo,0.0,,RPG,2007-10-26,81,2007
11480,Soldiers: Heroes of World War II - Enhanced Edition,16.99,BRL,Strategy,2014-07-03,77,2014
11550,Second Sight,20.69,BRL,Action,2021-04-08,73,2021
12130,Manhunt,14.99,BRL,Action,2011-01-06,75,2011
12150,Max Payne 2: The Fall of Max Payne,14.99,BRL,Action,2008-01-04,86,2008
12200,Bully: Scholarship Edition,39.99,BRL,"Action, Adventure",2010-12-23,72,2010
12210,Grand Theft Auto IV: The Complete Edition,79.0,BRL,"Action, Adventure",2020-03-24,90,2020
12310,Culpa Innata,19.99,BRL,"Adventure, Casual, RPG",2008-01-18,66,2008
12320,Sacred Gold,4.99,BRL,"Action, RPG",2008-07-09,74,2008
12330,Darkstar One,29.99,BRL,Action,2008-02-13,71,2008
12400,"Bill ""Spaceman"" Lee Baseball Mogul 2009",0.0,,Sports,2008-10-23,65,2008
12420,Perimeter 2: New Earth,4.09,BRL,Strategy,2009-02-10,43,2009
12470,Port Royale 2,20.49,BRL,Strategy,2009-06-16,75,2009
12500,PuzzleQuest: Challenge of the Warlords,19.99,BRL,Casual,2008-01-29,84,2008
12640,Drakensang,16.99,BRL,RPG,2009-03-09,75,2009
12810,Overlord II,16.99,BRL,RPG,2009-06-23,79,2009
12890,Operation Flashpoint: Dragon Rising Demo,0.0,,Action,2009-11-16,76,2009
12900,AudioSurf,32.99,BRL,Indie,2008-02-15,85,2008
12910,AudioSurf Demo,0.0,,Indie,2008-02-15,85,2008
13000,Ninja Reflex: Steamworks Edition,8.49,BRL,"Casual, Indie",2008-03-21,57,2008
13010,Ninja Reflex Demo,0.0,,"Indie, Casual",2008-03-21,57,2008
13140,America's Army 3,0.0,,Action,2009-06-17,70,2009
13500,Prince of Persia: Warrior Within™,29.99,BRL,"Action, Adventure",2008-11-21,83,2008
13510,Tom Clancy's Ghost Recon Advanced Warfighter® 2,0.0,,Action,2008-07-15,76,2008
13520,Far Cry®,8.99,BRL,Action,2008-04-01,89,2008
13530,Prince of Persia: The Two Thrones™,5.99,BRL,"Action, Adventure",2008-11-21,85,2008
13540,Tom Clancy's Rainbow Six® Vegas,29.99,BRL,Action,2008-04-09,85,2008
13560,Tom Clancy's Splinter Cell®,49.99,BRL,Action,2008-04-01,91,2008
13570,Tom Clancy's Splinter Cell Chaos Theory®,29.99,BRL,Action,2009-08-27,92,2009
13580,Tom Clancy's Splinter Cell Double Agent®,29.99,BRL,Action,2009-02-13,80,2009
13600,Prince of Persia®: The Sands of Time,5.99,BRL,"Action, Adventure",2008-11-21,89,2008
13620,Tom Clancy's Ghost Recon® Desert Siege™,9.99,BRL,Action,2008-07-15,82,2008
13630,Tom Clancy's Ghost Recon® Island Thunder™,9.99,BRL,Action,2008-07-15,82,2008
13640,Tom Clancy's Ghost Recon Advanced Warfighter®,0.0,,Action,2008-07-15,80,2008
15000,Tom Clancy's Rainbow Six Lockdown™,29.99,BRL,Action,2008-05-13,59,2008
15080,Rayman Raving Rabbids™,29.99,BRL,"Action, Adventure",2008-06-13,58,2008
15100,Assassin's Creed™: Director's Cut Edition,59.99,BRL,"Action, Adventure",2008-04-09,79,2008
15120,Tom Clancy's Rainbow Six® Vegas 2,29.99,BRL,Action,2008-04-16,78,2008
15130,Beyond Good and Evil™,0.0,,"Action, Adventure",2008-05-13,83,2008
15170,Heroes of Might & Magic V,29.99,BRL,Strategy,2008-05-13,77,2008
15190,Brothers in Arms: Road to Hill 30™,29.99,BRL,Action,2008-05-13,87,2008
15200,Silent Hunter®: Wolves of the Pacific,29.99,BRL,Simulation,2008-06-13,79,2008
15210,Silent Hunter® III,29.99,BRL,Simulation,2008-06-13,90,2008
15220,Blazing Angels® Squadrons of WWII,0.0,,"Action, Simulation",2008-05-13,65,2008
17410,Mirror's Edge™,29.99,CAD,"Action, Adventure",2009-01-14,81,2009
19680,Alice: Madness Returns,14.99,CAD,"Action, Adventure",2011-06-17,75,2011
25600,Eschalon: Book I,0.0,,"Indie, RPG",2009-02-10,75,2009
25610,Eschalon: Book I Demo,0.0,,RPG,2009-02-11,75,2009
25700,Madballs in Babo:Invasion,10.49,BRL,"Action, Casual, Indie",2009-09-17,79,2009
25710,Madballs Demo,0.0,,"Action, Casual, Indie",2009-09-17,79,2009
25800,Europa Universalis III Complete,53.99,BRL,Strategy,2009-02-04,83,2009
25808,Europa Universalis III: Divine Wind,35.99,BRL,Strategy,2011-01-21,71,2011
25830,Knights of Honor,35.99,BRL,Strategy,2009-02-04,77,2009
25850,Elven Legacy,16.99,BRL,"RPG, Strategy",2009-04-07,71,2009
25860,Sword of the Stars: Complete Collection,35.99,BRL,Strategy,2010-06-04,75,2010
25890,Hearts of Iron III,35.99,BRL,Strategy,2009-08-07,77,2009
25900,King's Bounty: The Legend,23.5,BRL,"RPG, Strategy",2009-05-01,79,2009
25910,Supreme Ruler 2020 Gold,7.99,BRL,Strategy,2009-07-09,65,2009
25930,East India Company,24.99,BRL,Strategy,2009-07-31,67,2009
25980,Majesty 2,35.99,BRL,"Simulation, Strategy",2009-09-17,72,2009
26000,The Maw,16.99,BRL,"Action, Indie",2009-03-09,75,2009
26010,The Maw Demo,0.0,,Indie,2009-03-13,75,2009
26500,Cogs,12.39,BRL,"Casual, Indie",2009-04-14,73,2009
26510,Cogs Demo,0.0,,"Strategy, Indie, Casual",2009-04-14,73,2009
26800,Braid,27.99,BRL,"Casual, Indie, Strategy",2009-04-10,90,2009
26810,Braid Demo,0.0,,"Strategy, Indie",2009-04-11,90,2009
26900,Crayon Physics Deluxe,34.99,BRL,"Casual, Indie",2009-05-06,79,2009
26910,Crayon Physics Deluxe Demo,0.0,,"Indie, Casual",2009-05-06,79,2009
27000,The Path,19.99,BRL,"Adventure, Indie",2009-03-18,79,2009
27040,The Path - Prologue,0.0,,"Indie, Adventure",2009-06-08,79,2009
27400,Dangerous High School Girls in Trouble!™,34.99,BRL,"RPG, Indie, Casual",2009-02-23,81,2009
27610,Mevo and The Grooveriders Demo,0.0,,"Indie, Casual",2009-03-19,72,2009
28000,Kane & Lynch 2: Dog Days,16.99,BRL,Action,2010-08-17,66,2010
28020,Kane & Lynch 2 Demo,0.0,,Action,2010-07-26,66,2010
29160,Blueberry Garden,16.99,BRL,"Adventure, Indie",2009-06-10,68,2009
29180,Osmos,20.69,BRL,"Casual, Indie",2009-08-18,80,2009
29200,Osmos Demo,0.0,,"Indie, Casual",2009-08-18,80,2009
29640,Aion<sup>®</sup>: Assault on Balaurea™,0.0,,Massively Multiplayer,2009-09-22,76,2009
29900,Dark Sector,16.99,BRL,Action,2009-03-24,66,2009
31120,"Wallace & Gromit’s Grand Adventures, Episode 3: Muzzled!",0.0,,Adventure,2009-06-15,75,2009
31130,"Wallace & Gromit’s Grand Adventures, Episode 4: The Bogey Man",0.0,,Adventure,2009-07-30,72,2009
31170,Tales of Monkey Island: Complete Season,50.0,BRL,"Adventure, RPG",2009-07-07,79,2009
31270,Puzzle Agent,19.99,BRL,"Action, Adventure, Casual",2010-07-07,70,2010
31280,Poker Night at the Inventory,0.0,,"Casual, Sports",2010-11-22,71,2010
31290,Back to the Future: The Game,0.0,,Adventure,2010-12-23,74,2010
31300,Tunnel Rats,34.99,BRL,Action,2009-05-15,30,2009
31700,Iron Grip: Warlord,0.0,,"Action, Indie",2008-12-05,59,2008
31710,Iron Grip Warlord Demo,0.0,,"Action, Indie",2010-05-06,59,2010
31800,Nancy Drew®: Danger by Design,32.99,BRL,Adventure,2009-10-10,70,2009
42890,Sword of the Stars: Complete Collection,35.99,BRL,Strategy,2010-06-04,75,2010
42900,Hearts of Iron III: Semper Fi,17.99,BRL,Strategy,2010-06-07,65,2010
42902,Hearts of Iron III Semper Fi: Dies Irae Götterdämmerung,3.99,BRL,Strategy,2011-05-10,65,2011
42910,Magicka,35.99,BRL,"Action, RPG",2011-01-25,74,2011
42920,The Kings' Crusade,35.99,BRL,Strategy,2010-10-08,71,2010
42950,Elven Legacy: Ranger,6.99,BRL,Strategy,2009-10-20,68,2009
42960,Victoria II,71.99,BRL,Strategy,2010-08-30,75,2010
42968,Victoria II: A House Divided,35.99,BRL,Strategy,2012-02-02,76,2012
42990,Sword of the Stars II: Enhanced Edition,71.99,BRL,Strategy,2012-11-30,65,2012
43000,Front Mission Evolved,18.45,BRL,Action,2010-10-07,63,2010
43190,The Haunted: Hells Reach,29.99,BRL,"Action, Indie",2011-10-24,51,2011
43500,M.U.D. TV,39.0,BRL,"Simulation, Strategy",2010-04-19,53,2010
43600,Nancy Drew®: Warnings at Waverly Academy,46.99,BRL,Adventure,2010-01-13,76,2010
44680,RACE Injection,25.99,BRL,Racing,2011-11-18,72,2011
44690,GT Legends,26.49,BRL,"Racing, Simulation, Sports",2012-11-28,84,2012
45300,Wings of Prey,32.99,BRL,Simulation,2010-01-08,78,2010
45310,Wings of Prey Demo,0.0,,Simulation,2010-01-14,78,2010
45410,Ignite,19.99,BRL,Racing,2011-10-28,59,2011
45450,Fortix 2,4.29,BRL,"Casual, Indie",2011-05-06,74,2011
45460,Fortix 2 Demo,0.0,,"Indie, Casual",2011-05-11,74,2011
45720,Lost Planet: Extreme Condition Colonies Edition,0.0,,"Action, Adventure",2010-02-11,70,2010
45740,Dead Rising® 2,22.25,BRL,"Action, Adventure",2010-09-27,78,2010
45750,Lost Planet® 2,0.0,,"Action, Adventure",2010-10-15,63,2010
45760,Ultra Street Fighter® IV,16.77,BRL,Action,2014-08-07,82,2014
45770,Dead Rising 2: Off the Record,22.25,BRL,"Action, Adventure",2011-10-11,66,2011
46000,Bob Came in Pieces,32.99,BRL,"Adventure, Indie",2010-01-22,73,2010
46010,Bob Came in Pieces Demo,0.0,,"Adventure, Indie",2010-01-22,73,2010
46290,Theatre of War,13.79,BRL,Strategy,2010-07-09,66,2010
46340,Theatre of War 2: Africa 1943,16.99,BRL,"Simulation, Strategy",2010-07-09,63,2010
46370,Rig n Roll,16.99,BRL,Simulation,2010-07-09,61,2010
46380,Reign: Conflict of Nations,13.79,BRL,Strategy,2010-07-12,60,2010
46410,Avencast: Rise of the Mage,16.99,BRL,"Action, Adventure, Indie, RPG",2010-03-17,68,2010
46450,Grotesque Tactics: Evil Heroes,32.99,BRL,"Indie, RPG, Strategy",2010-10-15,65,2010
46480,Still Life,15.99,BRL,Adventure,2011-06-01,75,2011
46490,Still Life 2,15.99,BRL,Adventure,2011-06-01,67,2011
46500,Syberia,5.19,BRL,"Adventure, Casual",2011-05-19,82,2011
46510,Syberia II,5.19,BRL,Adventure,2011-05-19,80,2011
46540,Trapped Dead,16.99,BRL,"Action, Strategy",2011-07-15,50,2011
46550,Post Mortem,15.99,BRL,Adventure,2011-08-26,71,2011
46560,Robin Hood: The Legend of Sherwood,3.19,BRL,Strategy,2011-08-26,80,2011
46750,Dark Fall: Lost Souls,275.0,THB,"Adventure, Indie",2010-04-21,75,2010
46770,Making History II: The War of the World,46.99,BRL,"Indie, Simulation, Strategy",2010-08-27,38,2010
46790,Armada 2526,7.04,BRL,Strategy,2011-04-08,66,2011
47410,Stronghold Kingdoms,0.0,,"Massively Multiplayer, Strategy, Free To Play",2012-02-27,75,2012
47540,Puzzle Quest 2,0.0,,"RPG, Casual",2010-08-12,83,2010
47700,Command & Conquer™ 4 Tiberian Twilight,0.0,,"Adventure, Strategy",2010-03-16,64,2010
47780,Dead Space™ 2,59.0,BRL,"Action, Adventure",2011-01-27,87,2011
47790,Medal of Honor™,59.0,BRL,Action,2010-10-12,72,2010
47810,Dragon Age: Origins - Ultimate Edition,159.0,BRL,RPG,2010-10-26,91,2010
47830,Medal of Honor™,59.0,BRL,Action,2010-10-12,72,2010
47889,Battlefield: Bad Company 2 Vietnam,0.0,,Action,2010-12-18,86,2010
47890,The Sims™ 3,79.0,BRL,Simulation,2011-01-27,86,2011
47892,The Sims™ 3 World Adventures,79.0,BRL,Simulation,2011-01-27,81,2011
47893,The Sims™ 3 Ambitions,79.0,BRL,Simulation,2011-01-27,74,2011
47894,The Sims™ 3 Late Night,79.0,BRL,Simulation,2011-01-27,74,2011
47898,The Sims™ 3 Generations,79.0,BRL,Simulation,2011-06-03,70,2011
48110,Silent Hunter 5®: Battle of the Atlantic,0.0,,Simulation,2010-03-03,62,2010
48240,Anno 2070™,19.99,EUR,Strategy,2011-11-17,83,2011
49540,Aliens: Colonial Marines Collection,29.99,EUR,Action,2012-05-01,45,2012
73050,Magicka Demo,0.0,,"Action, RPG",2011-01-24,74,2011
73060,Defenders of Ardania,0.0,,Strategy,2012-03-14,58,2012
73170,Darkest Hour: A Hearts of Iron Game,35.99,BRL,Strategy,2011-04-08,81,2011
73190,Pride of Nations,59.99,BRL,"Simulation, Strategy",2011-06-07,70,2011
73210,Sengoku,35.99,BRL,"RPG, Simulation, Strategy",2011-09-15,70,2011
78000,Bejeweled® 3,9.9,BRL,"Casual, Strategy",2010-12-07,82,2010
80000,APOX,24.99,BRL,"Action, Indie, Strategy",2011-01-20,48,2011
80200,Fate of the World,19.99,BRL,"Casual, Indie, Simulation, Strategy",2011-02-28,70,2011
80310,Gemini Rue,16.99,BRL,"Adventure, Indie",2011-10-26,82,2011
80330,The Blackwell Legacy,8.49,BRL,"Adventure, Indie",2012-01-13,80,2012
80360,Blackwell Deception,16.99,BRL,"Adventure, Indie",2012-01-13,73,2012
91100,SkyDrift,32.99,BRL,"Indie, Racing",2011-11-21,73,2011
91200,Anomaly: Warzone Earth,2.05,BRL,"Action, Indie, Strategy",2011-04-08,80,2011
91330,Iron Front: Digital War Edition,27.99,BRL,"Action, Simulation, Strategy",2012-05-25,55,2012
91600,Sanctum,37.19,BRL,"Action, Casual, Indie, Strategy",2011-04-15,70,2011
91610,Sanctum Demo,0.0,,"Action, Strategy, Indie",2011-05-13,70,2011
91900,Post Apocalyptic Mayhem,19.99,BRL,"Action, Racing",2011-03-17,44,2011
92000,Hydrophobia: Prophecy,10.49,BRL,"Action, Adventure, Indie, Strategy",2011-05-09,64,2011
92300,A.R.E.S.: Extinction Agenda,10.89,BRL,"Action, Indie",2011-01-19,68,2011
92600,Xotic,20.69,BRL,"Action, Indie",2011-09-16,67,2011
92700,Shadow Harvest: Phantom Ops,19.99,BRL,Action,2011-04-15,34,2011
92800,SpaceChem,32.99,BRL,"Indie, Simulation",2011-03-02,84,2011
93200,Revenge of the Titans,46.99,BRL,"Action, Indie, Strategy",2011-03-16,79,2011
94200,Jamestown,20.69,BRL,"Action, Indie",2011-06-08,81,2011
94300,The Dream Machine: Chapter 1 & 2,13.79,BRL,"Adventure, Casual, Indie",2012-05-11,75,2012
94400,Nidhogg,32.99,BRL,"Action, Indie, Sports",2014-01-13,81,2014
94590,Puzzle Agent 2,19.99,BRL,"Action, Adventure, Casual",2011-06-30,63,2011
94620,Hector: Badge of Carnage - Full Series,50.0,BRL,"Adventure, Casual",2011-04-27,75,2011
95300,Capsized,32.99,BRL,"Action, Indie",2011-04-29,80,2011
95400,ibb & obb,23.99,BRL,"Action, Adventure, Indie",2014-05-26,83,2014
95900,Air Conflicts: Secret Wars,12.39,BRL,"Action, Simulation",2011-07-15,65,2011
96000,The Tiny Bang Story,16.99,BRL,"Adventure, Casual, Indie",2011-04-22,63,2011
96200,Steel Storm: Burning Retribution,24.99,BRL,"Action, Indie",2011-05-11,55,2011
96800,Nexuiz,19.99,BRL,Action,2012-05-10,54,2012
97000,Solar 2,16.99,BRL,"Action, Adventure, Casual, Indie, Simulation",2011-06-17,72,2011
97110,Kohan: Immortal Sovereigns,16.99,BRL,Strategy,2011-08-24,87,2011
97120,Kohan: Ahriman's Gift,16.99,BRL,Strategy,2011-08-24,79,2011
97130,Kohan II: Kings of War,16.99,BRL,Strategy,2011-08-24,81,2011
200260,Batman: Arkham City - Game of the Year Edition,19.99,EUR,"Action, Adventure",2012-09-07,91,2012
201810,Wolfenstein: The New Order,49.99,BRL,Action,2014-05-19,81,2014
204450,Call of Juarez: Gunslinger,16000.0,KRW,Action,2013-05-22,79,2013
205840,Yesterday,17.9,BRL,Adventure,2012-03-22,65,2012
205910,Tiny and Big: Grandpa's Leftovers,38.49,BRL,Indie,2012-06-19,75,2012
205990,Warlock 2: The Exiled,71.99,BRL,Strategy,2014-04-10,73,2014
206190,Gunpoint,16.99,BRL,"Action, Indie, Strategy",2013-06-03,83,2013
206230,Clan of Champions,6.99,BRL,Action,2012-10-30,42,2012
206370,Tales From Space: Mutant Blobs Attack,32.99,BRL,"Action, Indie",2012-08-15,83,2012
206420,Saints Row IV: Re-Elected,99.0,BRL,"Action, Adventure",2013-08-19,86,2013
206440,To the Moon,6.99,BRL,"Adventure, Indie, RPG",2012-09-07,81,2012
206760,Painkiller: Recurring Evil,10.0,BRL,Action,2012-02-29,38,2012
207040,Sine Mora,0.0,,"Action, Indie",2012-11-09,77,2012
207140,SpeedRunners,46.99,BRL,"Action, Casual, Indie, Racing, Sports",2016-04-19,84,2016
207170,Legend of Grimrock,46.99,BRL,"Adventure, Indie, RPG",2012-04-11,82,2012
207190,Fireburst,26.49,BRL,"Action, Adventure, Racing",2012-04-25,59,2012
207250,Cubemen,6.39,BRL,"Indie, Strategy",2012-03-16,74,2012
207320,Ys: The Oath in Felghana,16.99,CAD,"Action, Adventure, RPG",2012-03-19,73,2012
207350,Ys Origin,21.99,CAD,"Action, Adventure, RPG",2012-05-31,76,2012
207420,Wizorb,6.29,BRL,"Action, Adventure, Indie",2012-03-14,81,2012
207490,Rayman® Origins,59.99,BRL,"Action, Adventure",2012-03-29,86,2012
207510,Rayman Origins Demo,0.0,,"Action, Adventure",2012-02-29,86,2012
207530,Noitu Love 2: Devolution,10.49,BRL,"Action, Indie",2012-04-23,80,2012
207610,The Walking Dead,46.99,BRL,Adventure,2012-04-24,82,2012
207620,The Walking Dead: 400 Days,16.99,BRL,Adventure,2013-07-03,78,2013
207650,A Virus Named TOM,20.49,BRL,"Action, Indie, Strategy",2012-08-01,65,2012
207690,Botanicula,44.99,BRL,"Adventure, Casual, Indie",2012-05-07,82,2012
207750,Symphony,16.99,BRL,"Action, Casual, Indie",2012-08-06,75,2012
207870,Borderlands 2 - Captain Scarlett and her Pirate's Booty,14.99,BRL,"Action, RPG",2012-10-16,80,2012
207930,Sacred Citadel,4.99,BRL,Action,2013-04-16,61,2013
207990,Sine Mora Demo,0.0,,"Action, Indie",2012-11-27,77,2012
208110,Myst V: End of Ages,32.99,BRL,"Adventure, Casual",2012-03-16,80,2012
208140,ENDLESS™ Space - Definitive Edition,19.99,BRL,Strategy,2012-07-04,77,2012
208480,Assassin’s Creed® III,0.0,,Adventure,2012-11-20,80,2012
212680,FTL: Faster Than Light,10.99,CAD,"Indie, Simulation, Strategy",2012-09-14,84,2012
214490,Alien: Isolation,43.99,CAD,Action,2014-10-06,81,2014
216130,Gemini Wars,20.69,BRL,"Indie, Strategy",2012-11-02,53,2012
216210,Secret Files 3,50.0,BRL,Adventure,2012-09-13,67,2012
216290,Gateways,8.49,BRL,Indie,2012-09-13,72,2012
216690,XCOM: Enemy Unknown Demo,0.0,,Strategy,2012-09-24,89,2012
216910,Of Orcs And Men,39.99,BRL,"Action, RPG",2012-10-11,69,2012
217100,Dementium II HD,20.49,BRL,"Action, Adventure, Indie",2013-12-17,37,2013
217140,Rise of the Triad,27.99,BRL,Action,2013-07-31,67,2013
217160,Transcripted Demo,0.0,,"Action, Casual",2012-08-09,78,2012
217290,Din's Curse,32.99,BRL,"Action, Indie, RPG",2012-08-22,76,2012
217470,Intrusion 2 Demo,0.0,,Indie,2012-09-11,80,2012
217690,Anna - Extended Edition,39.0,BRL,"Adventure, Indie",2013-04-12,75,2013
217750,Age of Conan: Unchained,0.0,,"Action, Adventure, Free To Play, Massively Multiplayer, RPG",2013-02-22,80,2013
217920,Alien Rage - Unlimited,59.99,BRL,Action,2013-09-24,52,2013
218090,Unity of Command: Stalingrad Campaign,32.99,BRL,"Indie, Strategy",2012-10-17,84,2012
218110,Din's Curse Demo,0.0,,"Action, Indie, RPG",2012-11-02,76,2012
218230,PlanetSide 2,0.0,,"Action, Massively Multiplayer, Free To Play",2012-11-20,84,2012
218550,Borderlands 2: Tiny Tina's Assault on Dragon Keep,14.99,BRL,"Action, RPG",2013-06-25,87,2013
218620,PAYDAY 2,9.89,BRL,"Action, RPG",2013-08-13,79,2013
218640,Lucius,19.99,BRL,"Action, Adventure, Indie",2012-10-26,59,2012
218680,Scribblenauts Unlimited,89.99,BRL,"Adventure, Casual, Strategy",2012-11-19,75,2012
218820,Mercenary Kings: Reloaded Edition,36.99,BRL,"Action, Adventure, Indie, RPG",2014-03-25,76,2014
219030,Ys Origin Demo,0.0,,"Action, Adventure, RPG",2012-09-06,76,2012
219640,Chivalry: Medieval Warfare,45.99,BRL,"Action, Indie",2012-10-16,79,2012
219680,Proteus,32.99,BRL,"Adventure, Casual, Indie",2013-01-30,80,2013
219740,Don't Starve,5.17,BRL,"Adventure, Indie, Simulation",2013-04-23,79,2013
219760,Beyond Divinity,11.99,BRL,RPG,2012-10-29,73,2012
230410,Warframe,0.0,,"Action, RPG, Free To Play",2013-03-25,69,2013
231120,Euro Truck Simulator 2 Demo,0.0,,Simulation,2013-02-08,79,2013
231160,The Swapper,24.99,BRL,"Action, Adventure, Indie",2013-05-30,87,2013
231200,Kentucky Route Zero: PC Edition,45.99,BRL,"Adventure, Indie",2013-02-22,81,2013
231310,MirrorMoon EP,46.99,BRL,"Adventure, Indie",2013-09-04,73,2013
231330,Deadfall Adventures,36.99,BRL,"Action, Adventure",2013-11-15,53,2013
231430,Company of Heroes 2,57.99,BRL,Strategy,2013-06-25,80,2013
232050,Eador. Masters of the Broken World,34.99,BRL,"Indie, RPG, Strategy",2013-04-19,74,2013
232090,Killing Floor 2,55.99,BRL,Action,2016-11-18,75,2016
232430,Gone Home,46.99,BRL,"Adventure, Indie",2013-08-15,86,2013
232750,Mars: War Logs,17.9,BRL,"Action, RPG",2013-04-26,59,2013
232770,POSTAL,0.0,,"Action, Indie",1997-11-14,56,1997
232790,Broken Age,28.99,BRL,"Adventure, Casual, Indie",2014-01-28,73,2014
232910,TrackMania² Stadium,29.99,BRL,"Racing, Sports",2013-06-20,77,2013
232970,Thunder Wolves,9.89,BRL,"Action, Casual, Indie",2013-05-15,69,2013
233030,March of the Eagles Demo,0.0,,Strategy,2013-02-20,71,2013
233050,ShootMania Elite Demo,0.0,,Action,2013-10-09,76,2013
233070,TrackMania² Stadium Demo,0.0,,"Racing, Sports",2013-11-07,77,2013
233110,Defense Technica,24.99,BRL,"Indie, Strategy",2013-10-24,63,2013
233130,Shadow Warrior,8.89,BRL,"Action, Adventure",2013-09-26,73,2013
233150,LUFTRAUSERS,32.99,BRL,"Action, Indie, Simulation",2014-03-18,80,2014
233190,Final Exam,17.9,BRL,"Action, Indie",2013-11-05,66,2013
233210,Air Conflicts: Vietnam,28.99,BRL,"Action, Simulation",2013-10-02,43,2013
233230,Kairo,16.99,BRL,"Adventure, Indie",2013-04-24,76,2013
233270,Far Cry 3 - Blood Dragon,44.99,BRL,"Action, Adventure",2013-05-01,81,2013
233290,Murdered: Soul Suspect,55.99,BRL,"Action, Adventure, RPG",2014-06-05,59,2014
233310,Avadon 2: The Corruption,13.19,BRL,"Indie, RPG, Strategy",2013-10-30,82,2013
233450,Prison Architect,107.99,BRL,"Indie, Simulation, Strategy",2015-10-06,83,2015
233470,Evoland,4.99,BRL,"Adventure, Indie, RPG",2013-04-04,61,2013
233490,Sacred Citadel Demo,0.0,,Action,2013-04-20,61,2013
233610,Distance,47.49,BRL,"Action, Indie, Racing",2018-09-18,74,2018
233700,Sword of the Stars: The Pit,32.99,BRL,"Casual, Indie, RPG, Strategy",2013-02-21,69,2013
233710,Sword of the Stars: The Pit Demo,0.0,,"Casual, Indie, RPG, Strategy",2013-03-10,69,2013
233720,Surgeon Simulator,6.59,BRL,"Action, Indie, Simulation",2013-04-19,71,2013
233840,Worms Clan Wars,133.9,BRL,Strategy,2013-08-15,73,2013
233860,Kenshi,57.99,BRL,"Action, Indie, RPG, Simulation, Strategy",2018-12-06,75,2018
233980,UnEpic,25.99,BRL,"Action, Indie, RPG",2014-07-25,68,2014
234000,Superfrog HD,0.0,,Action,2013-09-12,56,2013
234140,Mad Max,89.99,BRL,"Action, Adventure",2015-09-01,73,2015
234160,Strike Suit Infinity,14.99,BRL,"Action, Indie",2013-04-30,66,2013
234270,Ken Follett's The Pillars of the Earth,59.99,BRL,"Adventure, Casual, Indie",2017-08-15,78,2017
234370,Shattered Haven,8.24,BRL,"Action, Adventure, Indie",2013-03-18,60,2013
234390,Teleglitch: Die More Edition,46.99,BRL,"Action, Indie",2013-07-24,78,2013
234510,Rising Storm Game of the Year Edition,34.99,BRL,Action,2013-05-30,82,2013
234650,Shadowrun Returns,53.99,BRL,"Adventure, Indie, RPG, Strategy",2013-07-25,76,2013
234670,NARUTO SHIPPUDEN: Ultimate Ninja STORM 3 Full Burst HD,39.95,BRL,"Action, Adventure",2013-10-24,80,2013
234710,Poker Night 2,0.0,,"Casual, Sports",2013-04-26,75,2013
234920,Dyscourse,46.99,BRL,"Adventure, Casual, Indie, Simulation",2015-03-25,71,2015
235070,Bad Bots,10.89,BRL,"Action, Indie",2013-05-17,49,2013
235210,STRIDER™ / ストライダー飛竜®,20.1,BRL,"Action, Adventure",2014-02-19,78,2014
236390,War Thunder,0.0,,"Action, Massively Multiplayer, Simulation, Free To Play",2013-08-15,81,2013
237630,DuckTales: Remastered,4.99,CAD,"Action, Adventure, Casual",2013-08-13,66,2013
239030,"Papers, Please",12.99,CAD,"Adventure, Indie",2013-08-08,85,2013
239070,Hammerwatch,66.0,HKD,"Action, Adventure, Indie, RPG",2013-08-12,72,2013
239090,Samurai GUNN,33.0,HKD,"Action, Indie",2013-12-10,78,2013
239120,Final Fantasy III (3D Remake),54.0,HKD,RPG,2014-05-27,68,2014
239200,Amnesia: A Machine for Pigs,19.5,EUR,"Action, Adventure, Indie",2013-09-10,72,2013
239350,Spelunky,99.0,HKD,Indie,2013-08-08,90,2013
241369,Expansion - Europa Universalis IV: Conquest of Paradise,12.79,GBP,"Simulation, Strategy",2014-01-14,81,2014
242550,Rayman® Legends,205000.0,IDR,"Action, Adventure",2013-08-29,89,2013
242760,The Forest,16.79,EUR,"Action, Adventure, Indie, Simulation",2018-04-30,83,2018
243470,Watch_Dogs™,229000.0,IDR,"Action, Adventure",2014-05-26,77,2014
244050,Rise of Flight United,0.0,,"Simulation, Free To Play",2013-09-05,77,2013
244810,Foul Play,99.0,HKD,"Action, Adventure, Casual, Indie",2013-09-18,69,2013
244910,Homesick,99.0,HKD,"Adventure, Indie",2015-05-28,72,2015
244950,Where is my Heart?,59.0,HKD,"Adventure, Casual, Indie",2014-05-29,74,2014
245170,Skullgirls 2nd Encore,109.0,HKD,"Action, Indie",2013-08-22,83,2013
245280,ENSLAVED™: Odyssey to the West™ Premium Edition,153.0,HKD,"Action, Adventure",2013-10-24,70,2013
245370,Etherium,69.0,HKD,Strategy,2015-03-25,62,2015
245490,Trials Fusion™,205000.0,IDR,Racing,2014-04-24,80,2014
249130,LEGO® Marvel™ Super Heroes,36.99,BRL,"Action, Adventure",2013-10-22,78,2013
249150,Beatbuddy: Tale of the Guardians Demo,0.0,,"Action, Adventure, Casual, Indie",2013-08-19,75,2013
249230,Risen 3 - Titan Lords,6.99,BRL,RPG,2014-08-13,65,2014
249570,The Castle Doctrine,8.69,BRL,"Indie, Massively Multiplayer, Strategy",2014-01-29,58,2014
249590,Teslagrad,39.99,BRL,Indie,2013-12-13,77,2013
249650,Blackguards,19.99,BRL,"Action, Adventure, Indie, RPG, Strategy",2014-01-22,68,2014
249870,Scribblenauts Unmasked: A DC Comics Adventure,89.99,BRL,"Action, Adventure, Casual, Strategy",2013-09-24,68,2013
250030,Lilly Looking Through,16.99,BRL,"Adventure, Indie",2013-11-01,71,2013
250110,Assault Android Cactus+,37.99,BRL,"Action, Indie",2015-09-23,79,2015
250260,Jazzpunk: Director's Cut,27.99,BRL,"Adventure, Indie",2014-02-07,75,2014
250320,The Wolf Among Us,14.99,EUR,"Action, Adventure, Casual",2013-10-11,85,2013
250380,Knock-knock,19.99,BRL,"Adventure, Casual",2013-10-04,57,2013
250400,How to Survive,6.99,BRL,"Action, Adventure, RPG",2014-08-29,60,2014
250520,UnderRail,46.99,BRL,"Indie, RPG",2015-12-18,72,2015
250560,Fight The Dragon,19.99,BRL,"Indie, RPG",2014-12-04,76,2014
250620,Among the Sleep - Enhanced Edition,32.99,BRL,"Action, Adventure, Indie",2014-05-29,66,2014
250640,[Old Edition] Croixleur Sigma,0.0,,"Action, Casual, Indie",2014-04-30,56,2014
250680,BELOW,47.49,BRL,"Action, Adventure, Indie, RPG",2018-12-14,67,2018
250700,Super Time Force Ultra,27.99,BRL,"Action, Indie",2014-08-25,80,2014
250760,Shovel Knight: Treasure Trove,75.49,BRL,"Action, Adventure, Indie",2014-06-26,85,2014
250790,BeatBlasters III Demo,0.0,,Indie,2013-08-28,56,2013
250870,Pro Evolution Soccer 2014,0.0,,Sports,2013-11-12,74,2013
251060,Wargame: Red Dragon,149.49,BRL,"Indie, Simulation, Strategy",2014-04-17,78,2014
251130,Chroma Squad,46.99,BRL,"Indie, RPG, Strategy",2015-04-30,75,2015
251150,The Legend of Heroes: Trails in the Sky,21.99,CAD,RPG,2014-07-29,85,2014
251230,Livelock,20.69,BRL,"Action, Adventure, Indie",2016-08-30,73,2016
251270,Corpse Party,27.99,BRL,"Adventure, Indie, RPG",2016-04-25,71,2016
251290,The Legend of Heroes: Trails in the Sky SC,34.99,CAD,RPG,2015-10-29,80,2015
251430,The Inner World,46.99,BRL,"Adventure, Indie",2013-09-27,72,2013
251470,TowerFall Ascension,46.99,BRL,"Action, Indie",2014-03-11,87,2014
251490,Gravity Ghost,32.99,BRL,Indie,2015-01-26,75,2015
251510,Constant C,19.99,BRL,"Action, Casual, Indie",2014-03-11,60,2014
251630,The Impossible Game,6.49,BRL,Indie,2014-05-08,64,2014
251690,Speedball 2 HD,32.99,BRL,"Action, Indie, Sports",2013-12-05,53,2013
251830,Stick it to The Man!,16.59,BRL,"Action, Adventure, Indie",2013-12-13,83,2013
251850,Master Reboot,28.99,BRL,"Action, Adventure, Indie",2013-10-29,59,2013
251950,WWII Online,0.0,,"Action, Casual, Indie, Massively Multiplayer, RPG, Simulation, Strategy, Free To Play",2023-07-06,73,2023
251990,Long Live The Queen,25.99,BRL,"Indie, RPG, Simulation, Strategy",2013-11-08,67,2013
252030,Valdis Story: Abyssal City,27.99,BRL,"Action, Indie, RPG",2013-10-30,83,2013
252110,Lovers in a Dangerous Spacetime,27.99,BRL,"Action, Indie, Simulation",2015-09-09,80,2015
252130,Divide By Sheep,16.99,BRL,"Adventure, Casual, Indie",2015-07-02,83,2015
252310,Syder Arcade,19.99,BRL,"Action, Indie",2013-10-24,76,2013
252330,Slender: The Arrival,59.99,BRL,"Action, Adventure, Indie",2013-10-28,65,2013
252410,SteamWorld Dig,20.69,BRL,"Action, Adventure, Indie",2013-12-05,76,2013
252490,Rust,119.99,BRL,"Action, Adventure, Indie, Massively Multiplayer, RPG",2018-02-08,69,2018
252550,Qbeh-1: The Atlas Cube,20.69,BRL,"Adventure, Casual, Indie",2014-05-15,72,2014
252630,Eldritch,24.99,BRL,"Action, Adventure, Indie, RPG",2013-10-21,77,2013
252670,Nihilumbra,15.99,BRL,"Adventure, Casual, Indie",2013-10-25,75,2013
252710,The Last Express Gold Edition,23.5,BRL,Adventure,2013-11-21,82,2013
252750,MouseCraft,7.5,BRL,"Action, Adventure, Casual, Indie, Strategy",2014-07-08,72,2014
252950,Rocket League®,0.0,,"Action, Indie, Racing, Sports",2015-07-06,86,2015
253030,Race The Sun,32.99,BRL,"Action, Indie, Racing",2013-12-09,79,2013
253110,The Cat Lady,29.99,BRL,"Adventure, Indie",2013-12-04,81,2013
253230,A Hat in Time,88.99,BRL,"Adventure, Indie",2017-10-05,79,2017
253290,FOTONICA,46.99,BRL,"Action, Indie",2014-11-06,71,2014
253310,Fester Mudd: Curse of the Gold - Episode 1,16.99,BRL,Adventure,2013-11-04,76,2013
253330,Neverending Nightmares,27.99,BRL,"Action, Adventure, Indie",2014-09-26,68,2014
253390,Hot Tin Roof: The Cat That Wore A Fedora,46.99,BRL,"Action, Adventure, Indie, RPG",2015-02-20,66,2015
253610,Wrack,19.99,BRL,"Action, Indie",2014-09-30,66,2014
253690,Tiny Brains,4.13,BRL,"Action, Adventure, Casual, Indie",2013-12-11,63,2013
253750,Ikaruga,16.99,BRL,"Action, Indie",2014-02-18,84,2014
253790,rymdkapsel,26.49,BRL,"Indie, Strategy",2014-01-30,77,2014
253840,Shantae: Half-Genie Hero,36.99,BRL,"Action, Adventure, Indie",2016-12-20,76,2016
253880,Earth 2150 Trilogy,32.99,BRL,Strategy,2013-11-01,78,2013
253940,Septerra Core,26.49,BRL,RPG,2013-09-27,70,2013
253980,Enclave,32.99,BRL,"Action, RPG",2013-10-04,71,2013
256460,Cosmic Star Heroine,16.99,CAD,"Indie, RPG",2017-04-11,77,2017
264710,Subnautica,39.99,CAD,"Adventure, Indie",2018-01-23,87,2018
265590,The Red Solstice,2.06,BRL,Strategy,2015-07-09,74,2015
265690,NaissanceE,0.0,,"Adventure, Indie",2014-02-13,66,2014
265830,Monochroma,36.99,BRL,"Action, Adventure, Indie",2014-05-28,55,2014
265930,Goat Simulator,37.19,BRL,"Casual, Indie, Simulation",2014-04-01,62,2014
265950,Ether One,55.99,BRL,"Adventure, Indie",2014-03-25,82,2014
265970,Worlds of Magic,1.74,BRL,"RPG, Strategy",2015-03-19,52,2015
266110,Tower of Guns,41.0,BRL,"Action, Indie",2014-03-04,76,2014
266170,Windforge,19.99,BRL,"Action, Indie, RPG",2014-03-11,53,2014
266410,iRacing,32.99,BRL,"Massively Multiplayer, Racing, Simulation, Sports",2015-01-12,79,2015
266510,Hand of Fate,19.99,CAD,"Action, Indie, RPG",2015-02-17,78,2015
266840,Age of Mythology: Extended Edition,55.99,BRL,"Simulation, Strategy",2014-05-08,66,2014
267220,Line Of Defense Tactics - Tactical Advantage,19.99,BRL,"Action, Casual, Indie, RPG, Strategy",2014-03-17,47,2014
267980,Hostile Waters: Antaeus Rising,10.49,BRL,Strategy,2014-01-30,80,2014
268030,Battle Worlds: Kronos Demo,0.0,,Strategy,2013-12-10,71,2013
268050,The Evil Within,49.99,BRL,Action,2014-10-13,68,2014
268130,Heat Signature,27.99,BRL,"Action, Adventure, Indie, Strategy",2017-09-21,79,2017
268400,Panzer Corps Gold,88.99,BRL,Strategy,2014-03-12,80,2014
268500,XCOM® 2,99.9,BRL,Strategy,2016-02-04,88,2016
270880,American Truck Simulator,19.99,EUR,"Indie, Simulation",2016-02-02,76,2016
275850,No Man's Sky,58.99,EUR,"Action, Adventure",2016-08-12,61,2016
279620,Expansion - Europa Universalis IV: Wealth of Nations,13.99,CAD,"Simulation, Strategy",2014-05-29,84,2014
279623,Expansion - Europa Universalis IV: Res Publica,6.99,CAD,"Simulation, Strategy",2014-07-16,79,2014
281410,UberSoldier II,29.99,BRL,"Action, Adventure",2014-03-25,62,2014
281580,Wings Over Europe,29.99,BRL,Simulation,2014-05-30,62,2014
281610,Homeworld: Deserts of Kharak,9.09,BRL,Strategy,2016-01-20,79,2016
281640,The Banner Saga 2,46.25,BRL,"Indie, RPG, Strategy",2016-04-19,82,2016
281750,Munin,16.99,BRL,"Adventure, Casual, Indie",2014-06-10,68,2014
281840,4PM,6.29,BRL,Indie,2014-07-09,41,2014
281940,Woolfe - The Red Hood Diaries,32.99,BRL,"Action, Adventure, Indie",2015-03-17,55,2015
282070,This War of Mine,5.99,BRL,"Adventure, Indie, Simulation",2014-11-14,83,2014
282140,SOMA,88.99,BRL,"Action, Adventure, Indie",2015-09-21,84,2015
282210,Sid Meier's Starships,9.99,BRL,Strategy,2015-03-12,64,2015
282250,Line of Defense Tactics Demo,0.0,,"Action, Indie, RPG, Strategy",2014-02-26,47,2014
282270,Drox Operative Demo,0.0,,"Action, Indie, RPG",2014-02-26,74,2014
282560,RollerCoaster Tycoon World™,6.99,BRL,"Simulation, Strategy",2016-11-16,43,2016
282640,LOST ORBIT,23.99,BRL,"Action, Adventure, Indie",2015-05-12,72,2015
282900,Hyperdimension Neptunia Re;Birth1,28.99,BRL,"RPG, Strategy",2015-01-29,72,2015
283160,House of the Dying Sun,36.99,BRL,"Action, Indie, Simulation",2016-11-01,76,2016
283290,Nosferatu: The Wrath of Malachi,10.49,BRL,"Action, Adventure",2014-03-06,70,2014
283310,Soulbringer,10.49,BRL,RPG,2014-03-13,70,2014
283350,Eurofighter Typhoon,10.49,BRL,Action,2014-05-02,69,2014
283370,Marine Sharpshooter II: Jungle Warfare,10.49,BRL,Action,2014-04-03,52,2014
283390,Incoming + Incoming Forces,10.49,BRL,Action,2014-03-06,67,2014
283640,Salt and Sanctuary,33.99,BRL,"Action, Indie, RPG",2016-05-17,84,2016
283680,Astebreed: Definitive Edition,7.59,BRL,"Action, Indie",2014-05-30,86,2014
283811,Frozen Cortex - Soundtrack DLC,21.99,BRL,"Indie, Sports, Strategy",2015-06-08,79,2015
283812,Frozen Cortex - Mega Tier DLC,31.99,BRL,"Indie, Sports, Strategy",2015-06-08,79,2015
283813,Frozen Cortex - Ultimate Tier DLC,63.99,BRL,"Indie, Sports, Strategy",2015-06-08,79,2015
284140,Majestic Nights,10.49,BRL,"Action, Adventure, Indie, RPG",2014-10-30,32,2014
284390,The Last Door - Collector's Edition,19.99,BRL,"Adventure, Indie",2014-05-20,79,2014
284410,Cornerstone: The Song of Tyrim,36.99,BRL,"Action, Adventure, Indie",2016-04-26,58,2016
284460,DeadCore,34.99,BRL,"Action, Indie",2014-10-17,78,2014
287440,Ikaruga Demo,0.0,,"Action, Indie",2014-05-08,84,2014
287580,Pandora: First Contact,43.95,AUD,"Simulation, Strategy",2014-05-30,68,2014
287700,METAL GEAR SOLID V: THE PHANTOM PAIN,235999.0,IDR,"Action, Adventure",2015-09-01,91,2015
289070,Sid Meier’s Civilization® VI,710.0,KZT,Strategy,2016-10-20,88,2016
294100,RimWorld,31.99,EUR,"Indie, Simulation, Strategy",2018-10-17,87,2018
295490,Schrodinger’s Cat And The Raiders Of The Lost Quark,19.99,BRL,"Action, Adventure, Casual, Indie",2014-09-23,59,2014
295750,The Floor is Jelly,19.99,BRL,Indie,2014-05-30,83,2014
296070,MIND: Path to Thalamus Enhanced Edition,28.99,BRL,"Adventure, Indie, Strategy",2014-08-05,75,2014
296180,Iron Storm,6.29,BRL,"Action, Adventure, Indie",2014-05-08,69,2014
296210,Brigade E5: New Jagged Union,13.79,BRL,"Simulation, Strategy",2014-04-30,41,2014
296550,Niko: Through The Dream,19.99,BRL,"Adventure, Indie",2015-07-17,74,2015
296570,Lords of Xulima,36.99,BRL,RPG,2014-11-14,71,2014
296630,Kraven Manor,0.0,,"Action, Adventure, Free To Play, Indie",2014-09-26,58,2014
296830,Lucius II,36.99,BRL,"Action, Adventure, Indie, Simulation",2015-02-13,48,2015
296850,Al Emmo and the Lost Dutchman's Mine,29.99,BRL,"Adventure, Indie",2014-05-09,77,2014
297000,Heroes® of Might & Magic® III - HD Edition,44.99,BRL,"RPG, Strategy",2015-01-28,65,2015
297060,Freaking Meatbags,19.99,BRL,"Action, Indie, Strategy",2015-02-04,69,2015
297120,Heavy Bullets,6.59,BRL,"Action, Indie",2014-09-18,72,2014
297130,Titan Souls,46.99,BRL,"Action, Adventure, Indie",2015-04-14,74,2015
297350,The Old City: Leviathan,11.99,BRL,"Adventure, Indie",2014-12-03,62,2014
297570,Warrior Kings,5.99,BRL,Strategy,2014-04-24,73,2014
297620,Rocko's Quest,10.49,BRL,Action,2014-04-24,41,2014
297660,Super Rad Raygun,0.0,,"Action, Adventure, Indie",2016-11-08,64,2016
297720,Corpse of Discovery,4.49,BRL,"Adventure, Indie",2015-08-25,49,2015
297760,Qvadriga,59.99,BRL,"Racing, Simulation, Sports, Strategy",2014-06-13,72,2014
297860,Split/Second,59.99,BRL,"Action, Racing",2014-10-06,79,2014
298000,MotoGP 14 Demo,0.0,,"Racing, Sports",2014-07-16,76,2014
298030,Total Annihilation,10.49,BRL,Strategy,2015-12-18,86,2015
298050,Master of Orion,47.49,BRL,Strategy,2016-08-25,74,2016
298110,Far Cry® 4,46350.0,IDR,"Action, Adventure",2014-11-17,80,2014
298140,Rhiannon: Curse of the Four Branches,16.99,BRL,"Adventure, Indie",2014-05-15,67,2014
298260,Only If,0.0,,"Adventure, Indie, Free To Play",2014-07-25,39,2014
298520,Orbital Gear,0.0,,"Action, Indie, Simulation, Free To Play",2014-08-07,59,2014
298600,Lovely Planet,20.49,BRL,"Action, Indie",2014-07-31,61,2014
298630,The Escapists,9.19,BRL,"Action, Adventure, Indie, Simulation, Strategy",2015-02-13,71,2015
298900,Space Hulk: Deathwing,0.0,,"Action, Adventure",2016-12-14,58,2016
298920,Croixleur Sigma Demo,0.0,,"Action, Indie",2014-05-06,56,2014
299030,Blood: One Unit Whole Blood,0.0,,"Action, Adventure",2014-07-14,82,2014
299050,Blood II: The Chosen + Expansion,2.09,BRL,"Action, Adventure",2014-07-14,72,2014
299070,Warrior Kings: Battles,5.99,BRL,Strategy,2014-05-06,64,2014
299130,DreadOut Demo,0.0,,"Adventure, Indie",2014-05-06,55,2014
310490,Crookz - The Big Heist,39.0,BRL,"Simulation, Strategy",2015-08-25,74,2015
310510,Deathtrap,59.99,BRL,"Action, Adventure, Indie, RPG, Strategy",2015-02-04,77,2015
310740,NEON STRUCT,33.99,BRL,"Action, Indie",2015-05-20,62,2015
310880,Basketball Pro Management 2015,19.99,BRL,"Simulation, Sports, Strategy",2014-11-19,69,2014
310950,Street Fighter V,44.5,BRL,Action,2016-02-15,89,2016
311010,The Way,46.99,BRL,"Action, Adventure, Indie",2016-05-20,67,2016
311040,Rulers of Nations,36.99,BRL,Strategy,2014-07-16,63,2014
311080,Echelon,3.44,BRL,"Action, Simulation",2014-07-03,70,2014
311100,Echelon: Wind Warriors,13.79,BRL,"Action, Simulation",2014-08-08,63,2014
311210,Call of Duty®: Black Ops III,329.9,BRL,"Action, Adventure",2015-11-05,73,2015
311240,Zero Escape: Zero Time Dilemma,22.79,CAD,Adventure,2016-06-29,78,2016
311260,The Guild 3,13.99,BRL,"RPG, Simulation, Strategy",2022-06-14,65,2022
311340,METAL GEAR SOLID V: GROUND ZEROES,36.99,BRL,"Action, Adventure",2014-12-18,80,2014
311480,Vertical Drop Heroes HD,13.99,BRL,"Action, RPG",2014-07-25,70,2014
311560,Assassin’s Creed® Rogue,59.99,BRL,"Action, Adventure",2015-03-09,74,2015
311690,Enter the Gungeon,5.84,CAD,"Action, Adventure, Indie",2016-04-05,84,2016
311730,DEAD OR ALIVE 5 Last Round: Core Fighters,0.0,,Action,2015-03-30,69,2015
311950,Freedom Planet Demo,0.0,,"Action, Indie",2014-12-04,83,2014
312060,FINAL FANTASY XIV Online Free Trial,0.0,,"Massively Multiplayer, RPG",2014-11-05,83,2014
312200,Chasm,37.99,BRL,"Action, Adventure, Indie, RPG",2018-07-30,72,2018
312330,Meridian: New World Demo,0.0,,"Indie, Strategy",2014-07-02,43,2014
312360,To End All Wars,107.99,BRL,"Simulation, Strategy",2014-08-29,71,2014
312440,Legions of Steel,59.99,BRL,Strategy,2015-07-16,64,2015
312450,Order of Battle: World War II,0.0,,"Simulation, Strategy, Free To Play",2015-04-30,81,2015
312520,Rain World,73.99,BRL,"Action, Adventure, Indie",2017-03-28,66,2017
312530,Duck Game,25.99,BRL,"Action, Indie",2015-06-04,82,2015
312540,Ys VI: The Ark of Napishtim,22.99,CAD,"Action, Adventure, RPG",2015-04-28,76,2015
312560,Xanadu Next,28.99,BRL,"Action, RPG",2016-11-03,78,2016
312660,Sniper Elite 4,105.99,BRL,"Action, Adventure",2017-02-13,78,2017
312670,Strange Brigade,93.99,BRL,"Action, Adventure",2018-08-27,68,2018
312780,Way of the Samurai 4,45.99,BRL,"Action, Adventure",2015-07-23,72,2015
313010,Cities XXL,34.9,BRL,Simulation,2015-02-05,47,2015
313130,Metrocide,26.89,BRL,Indie,2014-12-15,68,2014
313160,Farming Simulator 15,26.89,BRL,Simulation,2014-10-30,64,2014
313290,Battleplan: American Civil War Demo,0.0,,"Casual, Simulation, Strategy",2014-07-07,66,2014
313500,Blitzkrieg 2 Anthology,10.49,BRL,Strategy,2014-09-16,75,2014
313630,The Solus Project,36.99,BRL,"Adventure, Indie, Simulation",2016-06-07,68,2016
313780,Conarium,59.99,BRL,"Adventure, Indie",2017-06-06,71,2017
313810,Legend of Kay Anniversary,9.24,BRL,"Action, Adventure, RPG",2015-07-27,64,2015
313870,A Vampyre Story,32.99,BRL,Adventure,2014-07-15,74,2014
316090,Bravada Demo,0.0,,"Indie, RPG, Strategy",2014-08-25,70,2014
321870,Silence of the Sleep,16.99,BRL,"Adventure, Indie",2014-10-01,66,2014
322080,Disorder,0.0,,"Action, Indie, Free To Play",2015-01-12,61,2015
322190,SteamWorld Heist,28.99,BRL,"RPG, Strategy",2016-06-07,81,2016
322210,"Guns, Gore & Cannoli",19.99,BRL,"Action, Indie",2015-04-30,80,2015
322330,Don't Starve Together,9.51,BRL,"Action, Adventure, Indie, RPG, Simulation, Strategy",2016-04-21,83,2016
322440,Red Goddess: Inner World,19.99,BRL,"Action, Adventure, Indie",2015-08-31,53,2015
322610,Sid Meier's Civilization: Beyond Earth Demo,0.0,,Strategy,2014-10-24,81,2014
322670,Majestic Nights Demo,0.0,,"Action, Adventure, Indie, RPG",2014-10-30,32,2014
322680,BLACKHOLE,29.99,BRL,"Action, Adventure, Indie",2015-02-27,82,2015
322750,Drifting Lands,10.89,BRL,"Action, Indie, RPG",2017-06-05,71,2017
322900,"War, the Game",13.99,BRL,"Indie, Strategy",2015-01-12,65,2015
322920,theHunter: Primal,0.0,,"Action, Adventure, Simulation",2015-03-31,49,2015
322970,Subject 13,19.99,BRL,"Adventure, Indie",2015-05-28,59,2015
323190,Frostpunk,8.89,BRL,"Simulation, Strategy",2018-04-24,84,2018
323320,Grow Home,5.99,BRL,"Adventure, Casual, Indie",2015-02-04,75,2015
323380,The Magic Circle,59.99,BRL,"Action, Adventure, Indie, Simulation, Strategy",2015-07-09,79,2015
323580,Jotun: Valhalla Edition,46.99,BRL,"Action, Adventure, Indie",2015-09-29,79,2015
323700,Poltergeist: A Pixelated Horror,32.99,BRL,"Casual, Indie",2014-10-20,70,2014
323720,Decay: The Mare,16.99,BRL,"Adventure, Indie",2015-02-13,60,2015
323850,Move or Die,27.99,BRL,"Action, Indie",2016-01-21,80,2016
324140,Kalimba,19.99,BRL,"Action, Casual",2015-04-22,81,2015
324160,CLANNAD,121.99,BRL,"Adventure, Casual",2015-11-23,83,2015
324650,Gemini: Heroes Reborn,6.49,BRL,"Action, Adventure",2016-01-18,54,2016
324680,Impossible Creatures Steam Edition,4.99,BRL,Strategy,2015-11-11,72,2015
324740,The Warlock of Firetop Mountain,59.99,BRL,"Action, Adventure, Indie",2016-08-30,70,2016
324800,Shadow Warrior 2,8.89,BRL,"Action, Adventure",2016-10-13,78,2016
325060,Parallax,10.89,BRL,Indie,2015-03-10,68,2015
330020,Children of Morta,4.34,CAD,"Action, Adventure, Indie, RPG",2019-09-03,82,2019
331690,Crossing Souls,19.49,CAD,"Action, Adventure, Indie",2018-02-13,70,2018
333110,Phantom Breaker: Battle Grounds - Kurisu Makise + Level 99 Pack,6.99,BRL,Action,2015-03-13,64,2015
333580,"Slow Down, Bull",4.29,BRL,"Action, Casual, Indie",2015-04-20,65,2015
333640,Caves of Qud,84.99,BRL,"Adventure, Indie, RPG, Strategy",2024-12-05,91,2024
333690,Epanalepsis,8.39,BRL,"Adventure, Indie",2015-05-21,48,2015
333930,Dirty Bomb®,0.0,,"Action, Free To Play",2015-06-02,63,2015
333970,A Druid's Duel,16.59,BRL,"Indie, Strategy",2015-02-25,70,2015
334070,Hektor,19.99,BRL,"Action, Adventure, Indie",2015-03-13,55,2015
334100,Extreme Exorcism,12.39,BRL,"Action, Adventure, Casual, Indie",2015-09-23,75,2015
334120,Armikrog,32.99,BRL,"Adventure, Indie",2015-09-30,57,2015
334140,Roche Fusion,12.4,BRL,"Action, Casual, Indie",2015-01-23,85,2015
334310,Plebby Quest: The Crusades,59.99,BRL,"Action, Adventure, Casual, Indie, RPG, Simulation, Strategy",2020-04-08,78,2020
334940,Yoku's Island Express,104.9,BRL,"Adventure, Indie",2018-05-29,84,2018
335000,Tormentum - Dark Sorrow,23.99,BRL,"Adventure, Casual, Indie",2015-03-04,72,2015
335120,Serpent in the Staglands,27.89,BRL,"Adventure, RPG",2015-05-28,75,2015
335300,DARK SOULS™ II: Scholar of the First Sin,154.9,BRL,"Action, RPG",2015-04-01,79,2015
343710,Kholat,59.99,BRL,"Adventure, Indie",2015-06-09,64,2015
343860,Tacoma,59.99,BRL,"Adventure, Indie",2017-08-01,76,2017
344000,The Weaponographist Demo,0.0,,"Action, Indie, RPG",2015-04-20,58,2015
344030,Ghost Pirates of Vooju Island,32.99,BRL,"Adventure, Casual",2015-01-27,66,2015
344150,Sym Demo,0.0,,Indie,2015-02-11,61,2015
344410,Magnetic: Cage Closed,46.99,BRL,"Action, Adventure, Indie",2015-05-26,61,2015
344500,Three Fourths Home: Extended Edition,10.49,BRL,"Adventure, Indie",2015-03-20,77,2015
344740,CRYPTARK,27.99,BRL,"Action, Adventure, Indie, Strategy",2017-06-20,80,2017
344850,Big Pharma,73.99,BRL,"Indie, Simulation, Strategy",2015-08-27,72,2015
345180,Victor Vran ARPG,39.99,BRL,"Action, Adventure, Indie, RPG",2015-07-24,75,2015
345480,Lumo,10.49,BRL,"Adventure, Indie",2016-05-24,77,2016
346110,ARK: Survival Evolved,14.79,EUR,"Action, Adventure, Indie, Massively Multiplayer, RPG",2017-08-27,70,2017
350080,Wolfenstein: The Old Blood,49.99,BRL,Action,2015-05-04,76,2015
353540,Stephen's Sausage Roll,88.99,BRL,Indie,2016-04-17,90,2016
353580,Rad Rodgers: World One,0.0,,"Action, Adventure, Indie",2016-12-01,72,2016
353640,Train Valley,19.99,BRL,"Action, Adventure, Casual, Indie, Simulation, Strategy",2015-09-16,69,2015
353700,The Deadly Tower of Monsters,27.99,BRL,"Action, Adventure, Indie",2016-01-19,73,2016
353830,Sid Meier's Civilization: Beyond Earth - Rising Tide,19.75,BRL,Strategy,2015-10-08,79,2015
354140,Five Nights at Freddy's 3,16.59,BRL,"Action, Indie, Simulation",2015-03-02,68,2015
354160,WRC 5 FIA World Rally Championship,20.69,BRL,Racing,2015-10-08,65,2015
354180,Bunker - The Underground Game,8.69,BRL,"Adventure, Indie",2015-05-21,70,2015
354400,Tadpole Treble,10.49,BRL,"Action, Adventure, Indie",2016-09-02,90,2016
354740,Echoes of Aetheria,46.99,BRL,"Indie, RPG",2016-01-15,77,2016
355310,Blood Alloy: Reborn,26.89,BRL,"Action, Indie",2016-03-02,48,2016
355530,Last Word,32.99,BRL,"Adventure, Casual, Indie, RPG",2015-05-08,67,2015
355660,Ride: Game Demo,0.0,,"Racing, Simulation, Sports",2015-03-18,68,2015
355680,Overland,59.99,BRL,Strategy,2019-09-19,69,2019
355790,Styx: Shards of Darkness,54.9,BRL,"Action, Adventure",2017-03-14,72,2017
355800,Space Run Galaxy,34.9,BRL,"Indie, Strategy",2016-06-17,75,2016
356040,Sheltered,12.99,EUR,"Indie, RPG, Strategy",2016-03-15,62,2016
356180,Time Machine VR,55.99,BRL,"Adventure, Indie, Simulation",2016-05-19,58,2016
356210,Tony Tough and the Night of Roasted Moths,19.99,BRL,"Adventure, Casual",2015-05-07,68,2015
359230,Lethis - Path of Progress,19.99,EUR,"Indie, Simulation, Strategy",2015-06-25,65,2015
361990,Lakeview Cabin Collection,9.99,EUR,Indie,2015-04-09,70,2015
362890,Black Mesa,25.99,CAD,"Action, Adventure, Indie",2020-03-06,84,2020
362960,Tyranny,29.99,EUR,"Adventure, RPG",2016-11-10,80,2016
364390,Downfall,29.99,BRL,"Adventure, Indie",2016-02-15,75,2016
364920,Uncanny Valley Demo,0.0,,"Adventure, Indie",2015-04-20,67,2015
365160,Kona,28.99,BRL,"Adventure, Indie",2017-03-17,73,2017
365360,Battle Brothers,69.99,BRL,"RPG, Simulation, Strategy",2017-03-24,80,2017
365450,Hacknet,4.94,BRL,"Indie, Simulation",2015-08-12,82,2015
365480,Ravenmark: Scourge of Estellion,46.99,BRL,"RPG, Strategy",2015-09-10,75,2015
365660,OlliOlli2: Welcome to Olliwood,19.49,CAD,"Action, Indie, Sports",2015-08-11,82,2015
365770,Volume,36.99,BRL,"Action, Indie",2015-08-18,80,2015
365820,Company of Heroes 2 - The British Forces,38.99,BRL,Strategy,2015-09-02,80,2015
365890,Heroes of Normandie,88.99,BRL,Strategy,2015-10-01,65,2015
366320,Seasons after Fall,34.9,BRL,"Adventure, Indie",2016-09-02,75,2016
366480,Ceres Demo,0.0,,"Action, Indie, RPG, Strategy",2015-10-16,74,2015
366640,Shiness: The Lightning Kingdom,29.9,BRL,"Action, Adventure, Indie, RPG",2017-04-18,68,2017
366780,Magical Eyes - Red is for Anguish,46.99,BRL,"Adventure, Indie",2016-03-30,77,2016
366842,Call of Duty®: Black Ops III,329.9,BRL,"Action, Adventure",2015-11-05,73,2015
366870,Narcosis,28.99,BRL,"Adventure, Indie",2017-03-28,72,2017
366910,The Long Journey Home,32.99,BRL,"Indie, RPG, Simulation, Strategy",2017-05-30,68,2017
366970,Mighty Switch Force! Hyper Drive Edition,19.99,BRL,"Action, Indie",2015-06-25,85,2015
367520,Hollow Knight,19.49,CAD,"Action, Adventure, Indie",2017-02-24,87,2017
368500,Assassin's Creed® Syndicate,409000.0,IDR,"Action, Adventure",2015-11-18,74,2015
371140,Aegis Defenders,19.99,EUR,"Action, Adventure, Indie, RPG, Strategy",2018-02-08,76,2018
371660,Far Cry® Primal,349000.0,IDR,"Action, Adventure",2016-02-29,74,2016
373930,Sudden Strike 4,19.99,EUR,Strategy,2017-08-11,70,2017
374040,Portal Knights,2.99,EUR,"Action, Adventure, RPG",2017-05-18,72,2017
374190,Infernax,26.99,CAD,"Action, Adventure, Indie, RPG",2022-02-14,84,2022
375820,Human Resource Machine,15.5,BRL,"Casual, Indie, Simulation",2015-10-15,78,2015
375910,Anno 2205™,119.99,BRL,"Simulation, Strategy",2015-11-02,72,2015
375950,Viridi,0.0,,"Casual, Free To Play, Indie, Simulation",2015-08-19,46,2015
376140,SAGA,0.0,,"Indie, Massively Multiplayer, Strategy, Free To Play",2015-08-04,61,2015
376300,GUILTY GEAR Xrd -SIGN-,55.99,BRL,Action,2015-12-09,84,2015
376450,Last Days of Old Earth,73.99,BRL,Strategy,2016-06-07,66,2016
376520,Kelvin and the Infamous Machine,32.99,BRL,"Adventure, Indie",2016-07-21,79,2016
376570,WildStar,0.0,,"Free To Play, Massively Multiplayer, RPG",2016-06-09,82,2016
377020,The Magic Circle Demo,0.0,,"Action, Adventure, Indie, Simulation, Strategy",2015-07-09,79,2015
377080,Hatoful Boyfriend: Holiday Star,19.99,BRL,"Adventure, Indie",2015-12-05,54,2015
377160,Fallout 4,59.99,BRL,RPG,2015-11-09,84,2015
377300,Thunder Tier One,0.0,,"Action, Simulation, Free To Play",2021-12-07,65,2021
377470,ENKI,10.89,BRL,"Adventure, Indie",2015-07-31,43,2015
377480,N.E.R.O.: Nothing Ever Remains Obscure,16.99,BRL,"Adventure, Indie",2016-04-29,59,2016
377840,FINAL FANTASY IX,15.79,BRL,RPG,2016-04-14,84,2016
377860,Mushihimesama,59.99,BRL,Action,2015-11-12,86,2015
377870,DARIUSBURST Chronicle Saviours,134.99,BRL,Action,2015-12-03,80,2015
383870,Firewatch,25.99,CAD,"Adventure, Indie",2016-02-09,81,2016
386620,"Cook, Serve, Delicious! 2!!",25.99,BRL,"Action, Indie, Simulation, Strategy",2017-09-13,62,2017
387010,FIVE: Guardians of David,19.99,BRL,"Action, Adventure, RPG",2015-11-24,66,2015
387290,Ori and the Blind Forest: Definitive Edition,99.0,BRL,Action,2016-04-27,88,2016
387380,Sylvio Demo,0.0,,"Adventure, Indie",2015-07-16,60,2015
388060,The Escapists: The Walking Dead,9.19,BRL,"Indie, Strategy",2015-09-30,66,2015
388090,Five Nights at Freddy's 4,16.59,BRL,"Action, Indie, Strategy",2015-07-23,51,2015
388210,Day of the Tentacle Remastered,27.99,BRL,Adventure,2016-03-21,86,2016
388320,1979 Revolution: Black Friday,20.69,BRL,"Action, Adventure, Indie",2016-04-04,80,2016
388420,In Between,23.99,BRL,Indie,2015-08-21,68,2015
388520,Call of Duty®: Black Ops III,329.9,BRL,"Action, Adventure",2015-11-05,73,2015
388880,Oxenfree,12.99,CAD,"Adventure, Indie",2016-01-14,80,2016
389140,Horizon Chase Turbo,49.99,BRL,"Action, Casual, Indie, Racing, Sports",2018-05-15,76,2018
391220,Rise of the Tomb Raider™,2.99,USD,"Action, Adventure",2016-02-09,86,2016
392110,ENDLESS™ Space 2,39.99,EUR,Strategy,2017-05-18,80,2017
393520,Iconoclasts,19.5,EUR,"Action, Adventure, Indie",2018-01-23,87,2018
397340,SimplePlanes,41.99,BRL,"Indie, Simulation",2015-12-17,69,2015
397350,Lords of the Realm II,10.49,BRL,"RPG, Strategy",2015-12-03,77,2015
397540,Borderlands 3,119.9,BRL,"Action, RPG",2020-03-13,81,2020
397550,Deus Ex: Revision,0.0,,"Action, Adventure, RPG",2015-10-13,90,2015
397950,Clustertruck,46.99,BRL,"Action, Indie",2016-09-27,76,2016
398180,Euclidean,10.49,BRL,"Action, Casual, Indie",2015-09-25,62,2015
398640,Bowl Bound College Football,59.99,BRL,"Simulation, Sports, Strategy",2015-09-03,80,2015
398850,Epistory - Typing Chronicles,14.99,EUR,"Action, Adventure, Indie",2016-03-30,74,2016
398860,STASIS Deluxe Edition Upgrade,6.99,BRL,Adventure,2015-09-21,79,2015
400110,Else Heart.Break(),73.99,BRL,"Adventure, Indie, RPG",2015-09-24,79,2015
400160,Concrete Jungle,23.5,BRL,"Indie, Strategy",2015-09-23,76,2015
400170,The Incredible Adventures of Van Helsing: Final Cut,121.99,BRL,"Action, Adventure, Indie, RPG",2015-11-06,79,2015
400180,Okhlos: Omega,41.99,BRL,"Action, Indie, Strategy",2016-08-18,69,2016
403640,Dishonored 2,29.99,USD,Action,2016-11-11,86,2016
404012,Total War: WARHAMMER - Call of the Beastmen,66.99,PLN,"Action, Strategy",2016-07-28,72,2016
406720,Alekhine's Gun,46.99,BRL,"Action, Adventure",2016-03-11,40,2016
406850,Crush Your Enemies,32.99,BRL,"Action, Indie, Strategy",2016-07-13,63,2016
407040,2064: Read Only Memories Demo,0.0,,"Adventure, Indie",2015-10-05,80,2015
407810,Hard Reset Redux,5.99,BRL,"Action, Adventure",2016-06-03,73,2016
408120,Cibele,29.99,BRL,Indie,2015-11-02,71,2015
408250,Eagle Flight,59.99,BRL,"Action, Simulation",2016-12-20,74,2016
408400,Swords and Sorcery - Underworld - Definitive Edition,20.69,BRL,"Adventure, Indie, RPG",2015-12-15,66,2015
408520,FORM,27.99,BRL,"Adventure, Casual, Indie",2017-06-01,81,2017
408530,FORM - Episode 1 Demo,0.0,,"Adventure, Casual, Indie",2017-12-05,81,2017
408640,Code of Princess,46.99,BRL,"Action, Adventure, RPG",2016-04-14,53,2016
408760,Pro Cycling Manager 2016,29.9,BRL,"Simulation, Sports",2016-06-16,64,2016
408920,Krai Mira: post-apocalyptic Crimea,20.69,BRL,"Adventure, Indie, RPG",2016-07-11,50,2016
408960,Zombasite,59.99,BRL,"Action, Indie, RPG",2016-08-23,66,2016
411300,ELEX,7.49,USD,"Action, Adventure, RPG",2017-10-17,67,2017
412830,STEINS;GATE,33.99,CAD,Adventure,2016-09-08,87,2016
413150,Stardew Valley,14.99,USD,"Indie, RPG, Simulation",2016-02-26,89,2016
413410,Danganronpa: Trigger Happy Havoc,19.99,EUR,Adventure,2016-02-18,82,2016
417290,Ghost of a Tale,59.99,BRL,"Action, Adventure, Indie, RPG",2018-03-13,75,2018
417880,Everybody's Gone to the Rapture,74.9,BRL,"Adventure, Casual, Indie",2016-04-14,76,2016
418180,Tempest: Pirate Action RPG,16.44,BRL,"Action, Indie, RPG",2016-08-22,60,2016
418240,Shadow Tactics: Blades of the Shogun,49.99,CAD,"Indie, Strategy",2016-12-06,85,2016
418250,Polaris Sector,107.99,BRL,"Simulation, Strategy",2016-03-22,76,2016
418370,Resident Evil 7 Biohazard,35.6,BRL,"Action, Adventure",2017-01-23,83,2017
418530,Spelunky 2,37.99,BRL,"Action, Indie",2020-09-29,91,2020
419060,Chaos Reborn Demo,0.0,,"Indie, Strategy",2015-11-20,85,2015
419460,"That Dragon, Cancer",19.99,BRL,"Adventure, Indie",2016-01-11,78,2016
419480,Starpoint Gemini Warlords,81.5,BRL,"Action, RPG, Simulation, Strategy",2017-05-23,73,2017
420060,Candle,2.54,BRL,"Adventure, Indie",2016-11-11,80,2016
420610,Cities: Skylines - Snowfall,12.99,EUR,"Simulation, Strategy",2016-02-18,72,2016
424840,Little Nightmares,19.99,EUR,Adventure,2017-04-27,81,2017
427520,Factorio,35.0,USD,"Casual, Indie, Simulation, Strategy",2020-08-14,90,2020
429530,Falcon 4.0,46.99,BRL,Simulation,2016-01-08,85,2016
429630,Wuppo Demo,0.0,,"Action, Adventure, Indie, RPG",2016-08-29,78,2016
429660,Tales of Berseria™,49.99,USD,"Action, RPG",2017-01-26,80,2017
429680,Spellweaver,0.0,,"Free To Play, Indie, Massively Multiplayer, Strategy",2016-02-01,63,2016
430410,Memoranda,27.99,BRL,"Adventure, Indie",2017-01-25,58,2017
431250,Mushroom Wars,19.99,BRL,"Action, Indie, Strategy",2016-04-07,80,2016
431650,Phoning Home,0.0,,"Action, Adventure, Indie",2017-02-07,61,2017
433340,Slime Rancher,0.89,USD,"Action, Adventure, Indie, Simulation",2017-08-01,81,2017
433850,Z1 Battle Royale,0.0,,"Action, Adventure, Free To Play, Massively Multiplayer",2018-02-28,70,2018
440550,Atomik: RunGunJumpGun,26.49,BRL,"Action, Indie",2016-08-31,82,2016
440880,The Count Lucanor,29.99,BRL,"Adventure, Indie, RPG",2016-03-03,78,2016
441680,Obscuritas,75.0,BRL,Adventure,2016-03-17,63,2016
441960,American Truck Simulator Demo,0.0,,"Indie, Simulation",2016-02-09,76,2016
441990,Cobalt Demo,0.0,,"Action, Adventure, Indie",2016-03-11,69,2016
442120,Pinball FX3,0.0,,Simulation,2017-09-26,89,2017
449610,Monster Boy and the Cursed Kingdom,38.99,CAD,"Action, Adventure, Indie",2019-07-25,82,2019
451310,A Fold Apart,32.99,BRL,"Adventure, Indie, Strategy",2020-04-16,77,2020
451380,The Darkside Detective Demo,0.0,,Adventure,2016-06-30,77,2016
451570,Demetrios - The BIG Cynical Adventure,19.99,BRL,"Adventure, Casual, Indie",2016-05-31,72,2016
452280,Factorio Demo,0.0,,"Casual, Indie, Simulation, Strategy",2016-03-24,90,2016
452340,Ian's Eyes,0.0,,"Adventure, Indie",2016-09-01,36,2016
452410,Damsel,17.99,BRL,"Action, Indie",2018-10-19,65,2018
452420,Koihime Enbu,16.99,BRL,Action,2016-05-19,68,2016
452530,Sunless Sea - Zubmariner,21.99,BRL,"Adventure, Indie, RPG",2016-10-11,78,2016
452570,Battle Chef Brigade Deluxe,37.99,BRL,"Action, Adventure, Indie, RPG",2017-11-20,80,2017
453020,Hyper Light Drifter Original Soundtrack,10.49,BRL,"Action, RPG",2016-04-12,84,2016
453090,Parkitect,88.99,BRL,"Casual, Indie, Simulation, Strategy",2018-11-29,83,2018
453310,Blackwood Crossing,29.99,BRL,"Adventure, Indie",2017-04-04,70,2017
454160,Dark Fear,8.39,BRL,"Adventure, Indie, RPG",2016-06-22,66,2016
456670,Hand of Fate 2,29.99,CAD,"Action, Indie, RPG",2017-11-07,80,2017
462770,Pyre,59.99,BRL,"Action, Indie, RPG",2017-07-25,82,2017
463170,Jagged Alliance: Rage!,64.99,BRL,"Adventure, RPG, Simulation, Strategy",2018-12-06,59,2018
464060,RUINER,59.99,BRL,"Action, Indie",2017-09-26,75,2017
464150,Regalia: Of Men and Monarchs,37.99,BRL,"Indie, RPG, Simulation, Strategy",2017-05-18,73,2017
464880,Stars in Shadow,11.09,BRL,"Indie, Strategy",2017-01-19,75,2017
464920,Surviving Mars,107.99,BRL,"Simulation, Strategy",2018-03-15,76,2018
466560,Northgard,4.79,USD,"Adventure, Indie, Simulation, Strategy",2018-03-07,81,2018
477160,Human Fall Flat,11.39,BRL,"Adventure, Casual, Indie, Simulation",2016-07-22,70,2016
477740,Zero Escape: The Nonary Games,24.99,EUR,Adventure,2017-03-24,86,2017
477770,Ride 2,124.5,BRL,"Racing, Simulation, Sports",2016-10-07,67,2016
479060,WildStar: Captain's Pack,0.0,,"Massively Multiplayer, RPG",2016-06-23,82,2016
479061,WildStar: Cute & Cuddly Pack,0.0,,"Massively Multiplayer, RPG",2016-06-23,82,2016
479110,Hunter's Legacy,13.99,BRL,"Action, Adventure, Indie",2016-07-19,58,2016
480430,Hide and Shriek,0.0,,"Action, Free To Play",2017-10-19,68,2017
480470,Blacksea Odyssey Demo,0.0,,"Action, Free To Play, Indie",2016-05-25,74,2016
481110,The Bunker,7.04,BRL,"Adventure, Indie",2016-09-20,57,2016
481510,Night in the Woods,59.99,BRL,Adventure,2017-02-21,88,2017
482370,Hunter's Legacy Demo,0.0,,"Action, Adventure, Indie",2016-06-03,58,2016
482450,Nitroplus Blasterz: Heroines Infinite Duel,37.99,BRL,Action,2016-12-08,63,2016
484900,Aven Colony,31.98,BRL,"Indie, Simulation, Strategy",2017-07-25,65,2017
489830,The Elder Scrolls V: Skyrim Special Edition,53.49,CAD,RPG,2016-10-27,74,2016
493180,Dynasty Feud,0.0,,"Action, Indie",2017-05-23,68,2017
493200,RiME,55.99,BRL,Adventure,2017-05-26,78,2017
493340,Planet Coaster,81.99,BRL,"Action, Adventure, Casual, Simulation, Strategy",2016-11-17,84,2016
493520,GTFO,44.99,CAD,Action,2021-12-09,78,2021
493530,Layers of Fear: Inheritance,10.49,BRL,"Adventure, Indie",2016-08-02,70,2016
493540,Figment,36.99,BRL,"Action, Adventure, Casual, Indie",2017-09-22,77,2017
493840,Marvel vs. Capcom: Infinite,33.8,BRL,Action,2017-09-19,69,2017
493860,The Silver Case Demo,0.0,,"Adventure, Free To Play",2016-08-08,64,2016
493900,Dungeons 3,139.0,BRL,"Simulation, Strategy",2017-10-13,75,2017
494100,ENIGMA:,23.49,BRL,"Adventure, Indie",2016-11-15,56,2016
494170,Miniature Garden,59.99,BRL,"Adventure, Casual, Indie",2017-03-30,66,2017
494340,Don't Knock Twice Demo,0.0,,Action,2016-10-24,56,2016
494670,TransRoad: USA,59.99,BRL,"Casual, Simulation, Strategy",2017-11-09,53,2017
503400,Four Last Things,29.99,BRL,"Adventure, Indie",2017-02-23,83,2017
503560,911 Operator,27.99,BRL,"Casual, Indie, Simulation, Strategy",2017-02-24,68,2017
503620,Fictorum,20.69,BRL,"Action, Indie, RPG",2017-08-09,64,2017
503810,Ian's Eyes Demo,0.0,,"Adventure, Indie",2016-07-20,36,2016
503940,Railway Empire,139.0,BRL,"Simulation, Strategy",2018-01-26,74,2018
504230,Celeste,59.99,BRL,"Action, Adventure, Indie",2018-01-25,88,2018
504370,Battlerite,0.0,,"Action, Free To Play",2017-11-08,85,2017
504920,39 Days to Mars,40.19,BRL,"Adventure, Indie",2018-04-25,71,2018
505330,Apocalipsis,23.5,BRL,"Adventure, Casual, Indie",2018-02-28,73,2018
505640,Antihero,46.99,BRL,"Indie, Strategy",2017-07-10,81,2017
505740,Eximius: Seize the Frontline,59.99,BRL,"Action, Strategy",2021-03-16,53,2021
506510,Shadows of Adam,27.99,BRL,"Indie, RPG",2017-02-23,78,2017
506610,Five Nights at Freddy's: Sister Location,16.59,BRL,"Action, Indie, Simulation",2016-10-07,62,2016
506900,Downward: Enhanced Edition,17.99,BRL,"Adventure, Indie",2017-07-13,77,2017
514080,Deadly Dozen,19.99,BRL,"Action, Adventure, Casual, Simulation, Sports, Strategy",2017-01-26,56,2017
514140,Elite Warriors: Vietnam,19.99,BRL,Action,2017-02-02,46,2017
514150,Line of Sight: Vietnam,19.99,BRL,Action,2016-12-01,68,2016
514310,SENRAN KAGURA Bon Appétit! - Full Course,37.99,BRL,Casual,2016-11-10,62,2016
514340,Aliens Go Home Run,8.39,BRL,"Action, Indie",2017-01-27,84,2017
515180,Bus Simulator 18,73.99,BRL,Simulation,2018-06-13,67,2018
515960,Martha Is Dead,57.99,BRL,"Adventure, Indie",2022-02-24,73,2022
516110,ToeJam & Earl: Back in the Groove!,28.99,BRL,"Adventure, Casual, Indie",2019-02-28,76,2019
516580,DYSTORIA,37.99,BRL,"Action, Casual, Indie, Racing, Strategy",2017-02-20,72,2017
517630,Just Cause 4 Reloaded,0.0,,"Action, Adventure",2018-12-04,68,2018
519860,DUSK,8.49,CAD,"Action, Indie",2018-12-10,88,2018
523210,A Normal Lost Phone,7.99,BRL,"Casual, Indie",2017-01-26,71,2017
523650,Lust for Darkness,27.99,BRL,"Adventure, Indie",2018-06-12,50,2018
523780,Emily is Away Too,10.49,BRL,"Adventure, Casual, Indie, RPG, Simulation",2017-05-26,81,2017
524220,NieR:Automata™,18.72,CAD,"Action, RPG",2017-03-17,84,2017
526870,Satisfactory,42000.0,KRW,"Adventure, Indie, Simulation, Strategy",2024-09-10,91,2024
531180,AIRHEART - Tales of broken Wings,27.99,BRL,"Action, Indie",2018-07-23,62,2018
531210,Unbox Demo,0.0,,"Action, Adventure, Indie",2016-09-21,68,2016
532110,Rusty Lake: Roots,13.79,BRL,"Adventure, Indie",2016-10-20,75,2016
532270,Lethal VR,26.9,BRL,"Action, Simulation",2016-11-08,66,2016
532290,Dark Train,20.69,BRL,"Adventure, Indie",2016-10-25,77,2016
532840,CAYNE,0.0,,"Adventure, Indie, Free To Play",2017-01-24,75,2017
540210,Redie Demo,0.0,,"Violent, Gore, Action, Indie",2016-12-01,79,2016
541310,Tiny Thor,59.99,BRL,"Action, Adventure, Indie",2023-06-05,75,2023
542050,Forgotton Anne,37.99,BRL,"Action, Adventure, Casual, Indie",2018-05-15,76,2018
542810,Dex Demo,0.0,,"Violent, Action, Adventure, Indie, RPG",2017-03-30,62,2017
543010,Bush Hockey League,23.99,BRL,"Violent, Sports",2017-03-28,48,2017
543080,Orwell Demo,0.0,,"Adventure, Indie, Simulation",2016-10-20,77,2016
548430,Deep Rock Galactic,29.99,EUR,Action,2020-05-13,85,2020
548570,RAGE 2,39.99,EUR,Action,2019-05-13,73,2019
551700,Gunheart,10.49,BRL,"Action, Indie",2018-06-04,83,2018
551730,Toukiden 2,34.97,BRL,Action,2017-03-21,73,2017
551770,ECHO,45.99,BRL,"Action, Adventure, Indie",2017-09-19,72,2017
552500,Warhammer: Vermintide 2,88.99,BRL,"Action, Indie, RPG",2018-03-08,82,2018
552590,The Sexy Brutale,36.99,BRL,"Adventure, Indie",2017-04-11,83,2017
552620,ATOM RPG: Post-apocalyptic indie game,46.99,BRL,RPG,2018-12-19,70,2018
552990,World of Warships,0.0,,"Action, Massively Multiplayer, Simulation, Strategy, Free To Play",2017-11-15,81,2017
557340,My Friend Pedro,25.99,CAD,"Action, Indie",2019-06-20,81,2019
560130,Pillars of Eternity II: Deadfire,74.0,BRL,RPG,2018-05-08,88,2018
562040,Men of War: Assault Squad 2,88.99,BRL,"Action, Simulation, Strategy",2014-05-15,68,2014
562500,Warstone TD,7.24,BRL,"Indie, Strategy",2018-05-23,70,2018
570710,Extinction,57.99,BRL,"Action, Adventure",2018-04-09,51,2018
570940,DARK SOULS™: REMASTERED,24.99,USD,Action,2018-05-23,84,2018
571310,SteamWorld Dig 2,37.99,BRL,"Action, Adventure, Indie",2017-09-22,85,2017
571480,Scrap Garden Demo,0.0,,"Action, Adventure, Indie",2016-12-20,58,2016
571880,Angels with Scaly Wings™ / 鱗羽の天使,29.99,BRL,"Adventure, Indie, RPG, Simulation",2017-01-31,67,2017
572050,Call to Power II,32.9,BRL,Strategy,2017-04-18,72,2017
572410,Steel Division: Normandy 44,71.99,BRL,"Action, Simulation, Strategy",2017-05-23,83,2017
572430,Party Hard 2,59.99,BRL,"Action, Adventure, Indie, Simulation, Strategy",2018-10-25,74,2018
572740,Nancy Drew®: The Secret of Shadow Ranch,20.69,BRL,Adventure,2017-01-09,68,2017
572890,Pikuniku,16.99,CAD,"Action, Adventure, Casual, Indie",2019-01-24,74,2019
573100,Battlefleet Gothic: Armada 2,74.9,BRL,Strategy,2019-01-24,77,2019
573120,Dead In Vinland,59.99,BRL,"Adventure, Indie, RPG, Simulation, Strategy",2018-04-12,74,2018
573130,Aporia: Beyond The Valley,31.99,BRL,"Adventure, Indie",2017-07-19,71,2017
573410,AI War 2,14.99,BRL,"Indie, Simulation, Strategy",2019-10-22,75,2019
581270,Old Man's Journey,17.99,BRL,"Adventure, Casual, Indie",2017-05-17,76,2017
581320,Insurgency: Sandstorm,99.9,BRL,Action,2018-12-12,78,2018
581660,Super Meat Boy Forever,37.99,BRL,"Action, Adventure, Indie",2022-01-10,70,2022
582010,Monster Hunter: World,42.57,BRL,Action,2018-08-08,88,2018
582270,Everything,27.99,BRL,"Casual, Indie, RPG, Simulation",2017-04-21,78,2017
582660,Black Desert,17.46,BRL,"Action, Adventure, Massively Multiplayer, RPG, Strategy",2017-11-15,80,2017
584400,Sonic Mania,26.99,CAD,"Action, Adventure, Casual",2017-08-29,84,2017
590380,Into the Breach,28.99,BRL,"Indie, RPG, Simulation, Strategy",2018-02-27,90,2018
590690,Sprint Vector,55.99,BRL,"Action, Indie, Racing, Sports",2018-02-08,84,2018
591460,Parkasaurus,73.99,BRL,"Simulation, Strategy",2020-08-12,70,2020
591630,Candleman: The Complete Journey,28.99,BRL,"Action, Adventure, Indie, RPG",2018-01-31,76,2018
591750,Solo,28.99,BRL,"Adventure, Indie",2018-04-26,77,2018
592480,Knights And Bikes,11.39,CAD,"Action, Adventure, Indie",2019-08-26,79,2019
592580,PRO EVOLUTION SOCCER 2018,0.0,,Sports,2017-09-13,81,2017
594650,Hunt: Showdown 1896,17.99,CAD,Action,2019-08-27,81,2019
597760,Yuppie Psycho: Executive Edition,16.19,EUR,"Adventure, Indie",2019-04-25,81,2019
599140,Graveyard Keeper,25.0,HKD,"Adventure, Indie, RPG, Simulation",2018-08-15,69,2018
600130,Valfaris,9.49,BRL,"Action, Indie",2019-10-10,86,2019
600990,The Gardens Between,47.99,BRL,"Adventure, Indie",2018-09-19,80,2018
601430,The Evil Within 2,155.0,BRL,"Action, Adventure",2017-10-12,80,2017
601840,Griftlands,37.99,BRL,Indie,2021-06-01,84,2021
